{"cameraMode":{"drawMode":0,"name":"Shaded","section":"Shading Mode"},"sceneLighting":true,"audioPlay":false,"sceneViewState":{"showFog":true,"showMaterialUpdate":false,"showSkybox":true,"showFlares":true,"showImageEffects":true,"showParticleSystems":true},"in2DMode":false,"pivot":{"x":20.655078887939454,"y":6.5288543701171879,"z":-21.050901412963868},"rotation":{"x":-0.048153191804885867,"y":-0.6474370360374451,"z":0.04103953018784523,"w":-0.7595155835151672},"size":75.89073944091797,"orthographic":false}