{"cameraMode":{"drawMode":0,"name":"Shaded","section":"Shading Mode"},"sceneLighting":false,"audioPlay":false,"sceneViewState":{"showFog":true,"showMaterialUpdate":false,"showSkybox":true,"showFlares":true,"showImageEffects":true,"showParticleSystems":true},"in2DMode":false,"pivot":{"x":3.2400100231170656,"y":1.0569918155670167,"z":-9.708605766296387},"rotation":{"x":-0.09820491820573807,"y":-0.44119352102279665,"z":0.04863990470767021,"w":-0.8907079696655273},"size":4.704151630401611,"orthographic":false}