{"cameraMode":{"drawMode":0,"name":"Shaded","section":"Shading Mode"},"sceneLighting":false,"audioPlay":false,"sceneViewState":{"showFog":true,"showMaterialUpdate":false,"showSkybox":false,"showFlares":true,"showImageEffects":true,"showParticleSystems":true},"in2DMode":false,"pivot":{"x":0.00037360191345214844,"y":0.33139872550964358,"z":-17.6016845703125},"rotation":{"x":0.04432014375925064,"y":-0.9552215933799744,"z":0.2219582349061966,"w":0.19075332581996919},"size":2.414684295654297,"orthographic":false}