{"cameraMode":{"drawMode":0,"name":"Shaded","section":"Shading Mode"},"sceneLighting":false,"audioPlay":false,"sceneViewState":{"showFog":true,"showMaterialUpdate":false,"showSkybox":false,"showFlares":true,"showImageEffects":true,"showParticleSystems":true},"in2DMode":false,"pivot":{"x":2.765120506286621,"y":1.3827338218688965,"z":-12.90948486328125},"rotation":{"x":0.10285505652427674,"y":0.5592044591903687,"z":-0.0701562836766243,"w":0.8197562098503113},"size":19.65597915649414,"orthographic":false}