{"cameraMode":{"drawMode":0,"name":"Shaded","section":"Shading Mode"},"sceneLighting":false,"audioPlay":false,"sceneViewState":{"showFog":true,"showMaterialUpdate":false,"showSkybox":true,"showFlares":true,"showImageEffects":true,"showParticleSystems":true},"in2DMode":false,"pivot":{"x":-0.7888013124465942,"y":-0.7546155452728272,"z":-0.3024510145187378},"rotation":{"x":-0.0787862241268158,"y":0.15250608325004579,"z":-0.012196687050163746,"w":-0.985081672668457},"size":2.8578836917877199,"orthographic":false}