{"cameraMode":{"drawMode":0,"name":"Shaded","section":"Shading Mode"},"sceneLighting":false,"audioPlay":false,"sceneViewState":{"showFog":true,"showMaterialUpdate":false,"showSkybox":true,"showFlares":true,"showImageEffects":true,"showParticleSystems":true},"in2DMode":false,"pivot":{"x":-0.3132650852203369,"y":-0.10452333092689514,"z":0.35365206003189089},"rotation":{"x":-0.14189846813678742,"y":0.21262621879577638,"z":-0.031223950907588006,"w":-0.9662712216377258},"size":1.3416588306427003,"orthographic":false}