{"cameraMode":{"drawMode":0,"name":"Shaded","section":"Shading Mode"},"sceneLighting":false,"audioPlay":false,"sceneViewState":{"showFog":true,"showMaterialUpdate":false,"showSkybox":true,"showFlares":true,"showImageEffects":true,"showParticleSystems":true},"in2DMode":false,"pivot":{"x":-7.109000205993652,"y":0.8885102272033691,"z":-2.384185791015625e-7},"rotation":{"x":-0.12078601121902466,"y":-0.24855788052082063,"z":0.031283870339393619,"w":-0.9605123400688171},"size":7.192605972290039,"orthographic":false}