{"cameraMode":{"drawMode":0,"name":"Shaded","section":"Shading Mode"},"sceneLighting":false,"audioPlay":false,"sceneViewState":{"showFog":true,"showMaterialUpdate":false,"showSkybox":true,"showFlares":true,"showImageEffects":true,"showParticleSystems":true},"in2DMode":false,"pivot":{"x":0.18283462524414063,"y":2.766571044921875,"z":-0.4647715091705322},"rotation":{"x":0.02227240800857544,"y":0.9631412029266357,"z":-0.25447407364845278,"w":0.08429642021656037},"size":22.0,"orthographic":false}