{"cameraMode":{"drawMode":0,"name":"Shaded","section":"Shading Mode"},"sceneLighting":false,"audioPlay":false,"sceneViewState":{"showFog":true,"showMaterialUpdate":false,"showSkybox":true,"showFlares":true,"showImageEffects":true,"showParticleSystems":true},"in2DMode":false,"pivot":{"x":0.18283462524414063,"y":2.766571044921875,"z":-0.4647715091705322},"rotation":{"x":0.1720026582479477,"y":0.7872390151023865,"z":-0.252877414226532,"w":0.5354651212692261},"size":22.0,"orthographic":false}