{"cameraMode":{"drawMode":0,"name":"Shaded","section":"Shading Mode"},"sceneLighting":false,"audioPlay":false,"sceneViewState":{"showFog":true,"showMaterialUpdate":false,"showSkybox":true,"showFlares":true,"showImageEffects":true,"showParticleSystems":true},"in2DMode":false,"pivot":{"x":-1.225168228149414,"y":9.856821060180664,"z":1.2090301513671876},"rotation":{"x":-0.1460910141468048,"y":0.8538258075714111,"z":-0.34679436683654787,"w":-0.35968416929244997},"size":2.8578836917877199,"orthographic":false}