{"cameraMode":{"drawMode":0,"name":"Shaded","section":"Shading Mode"},"sceneLighting":false,"audioPlay":false,"sceneViewState":{"showFog":true,"showMaterialUpdate":false,"showSkybox":true,"showFlares":true,"showImageEffects":true,"showParticleSystems":true},"in2DMode":false,"pivot":{"x":4.555484294891357,"y":5.479135036468506,"z":11.565042495727539},"rotation":{"x":0.1250743269920349,"y":0.8532704710960388,"z":-0.23919270932674409,"w":0.44617581367492678},"size":22.0,"orthographic":false}