{"cameraMode":{"drawMode":0,"name":"Shaded","section":"Shading Mode"},"sceneLighting":false,"audioPlay":false,"sceneViewState":{"showFog":true,"showMaterialUpdate":false,"showSkybox":true,"showFlares":true,"showImageEffects":true,"showParticleSystems":true},"in2DMode":false,"pivot":{"x":0.09100000560283661,"y":0.9430714845657349,"z":-0.007514506578445435},"rotation":{"x":0.15115828812122346,"y":-0.7996323108673096,"z":0.2257019430398941,"w":0.5355279445648193},"size":3.4932074546813967,"orthographic":false}