{"cameraMode":{"drawMode":0,"name":"Shaded","section":"Shading Mode"},"sceneLighting":false,"audioPlay":false,"sceneViewState":{"showFog":true,"showMaterialUpdate":false,"showSkybox":true,"showFlares":true,"showImageEffects":true,"showParticleSystems":true},"in2DMode":false,"pivot":{"x":1.5403990745544434,"y":-1.1317908763885499,"z":3.876624345779419},"rotation":{"x":-0.14898444712162019,"y":0.685064971446991,"z":-0.14623789489269257,"w":-0.6979284286499023},"size":8.04245662689209,"orthographic":false}